entity_id,stratum,period,hclass,has_role_b,pop_n,sample_n,weight
as1-c2bb16311d39803e#3,1948-1963|N|norole,1948-1963,N,norole,209811,25,8392.44
as1-f5e520825acf89ef#26,1918-1930|F|role,1918-1930,F,role,4328,25,173.12
as1-3ea879ee537a04c4#1,1948-1963|M|role,1948-1963,M,role,3094,25,123.76
as1-aae047e9fc19e51a#5,1948-1963|F|role,1948-1963,F,role,6926,25,277.04
as1-f899da0d31b6e542#44,1918-1930|N|role,1918-1930,N,role,25598,25,1023.92
as1-bb5dc433e407a837#0,1918-1930|M|role,1918-1930,M,role,1439,25,57.56
as1-99fb4933c48b6f5d#7,1918-1930|F|role,1918-1930,F,role,4328,25,173.12
as1-6c90c7b3328ef2a5#2,1948-1963|F|role,1948-1963,F,role,6926,25,277.04
as1-6363e69a88ae46ed#1,1933-1945|N|norole,1933-1945,N,norole,175732,25,7029.28
as1-562dca7be0736a10#7,1918-1930|N|norole,1918-1930,N,norole,155693,25,6227.72
as1-720358585268efda#7,1900-1915|N|norole,1900-1915,N,norole,190443,25,7617.72
as1-a381745c71119694#3,1933-1945|N|role,1933-1945,N,role,29947,25,1197.88
as1-57ae8906c501a38f#20,1933-1945|M|norole,1933-1945,M,norole,6736,25,269.44
as1-d1ab468e35dc0a53#21,1948-1963|F|norole,1948-1963,F,norole,49313,25,1972.52
as1-19157ffcd97e8f63#0,1948-1963|M|role,1948-1963,M,role,3094,25,123.76
as1-51700423bd372c26#6,1918-1930|M|norole,1918-1930,M,norole,7060,25,282.4
as1-ed01acb0b018113f#1,1900-1915|F|norole,1900-1915,F,norole,27280,25,1091.2
as1-dd940b44b48088f7#5,1933-1945|M|role,1933-1945,M,role,1796,25,71.84
as1-4251c04d18251c68#5,1933-1945|F|norole,1933-1945,F,norole,36949,25,1477.96
as1-09b86e60f3400d7b#0,1933-1945|N|norole,1933-1945,N,norole,175732,25,7029.28
as1-c60f44240d3b53b2#5,1900-1915|M|norole,1900-1915,M,norole,12323,25,492.92
as1-aa6950e0ff28d03d#5,1948-1963|F|norole,1948-1963,F,norole,49313,25,1972.52
as1-0690f96c383d84e2#21,1933-1945|F|norole,1933-1945,F,norole,36949,25,1477.96
as1-e533a795e47df3cb#27,1900-1915|M|norole,1900-1915,M,norole,12323,25,492.92
as1-d0dcd73de892e7a8#0,1918-1930|M|role,1918-1930,M,role,1439,25,57.56
as1-a539666810702fe0#0,1933-1945|F|norole,1933-1945,F,norole,36949,25,1477.96
as1-378e2767ca263340#16,1933-1945|M|norole,1933-1945,M,norole,6736,25,269.44
as1-789a48274d582714#4,1918-1930|F|norole,1918-1930,F,norole,32471,25,1298.84
as1-4cbd7a9e5f493145#1,1948-1963|M|role,1948-1963,M,role,3094,25,123.76
as1-05a5212fac547bf4#1,1900-1915|M|norole,1900-1915,M,norole,12323,25,492.92
as1-fc13a2d490552178#3,1918-1930|M|norole,1918-1930,M,norole,7060,25,282.4
as1-c2fa22a126228e84#3,1948-1963|N|norole,1948-1963,N,norole,209811,25,8392.44
as1-c051d1f2643189fd#3,1918-1930|N|role,1918-1930,N,role,25598,25,1023.92
as1-47844c3b5d6fbdc0#24,1900-1915|M|norole,1900-1915,M,norole,12323,25,492.92
as1-c319a6b436a2ab14#15,1948-1963|M|role,1948-1963,M,role,3094,25,123.76
as1-45e7107e5311f6fa#1,1948-1963|N|role,1948-1963,N,role,34482,25,1379.28
as1-e70ab2b5baf04591#38,1933-1945|F|role,1933-1945,F,role,5572,25,222.88
as1-4093e63c98d99af8#1,1948-1963|M|norole,1948-1963,M,norole,11211,25,448.44
as1-4d9a1d7adc24fb68#8,1900-1915|N|role,1900-1915,N,role,29026,25,1161.04
as1-d4805586c9f732db#0,1933-1945|F|role,1933-1945,F,role,5572,25,222.88
as1-a9b2f9b3ebf0fa8e#1,1948-1963|M|norole,1948-1963,M,norole,11211,25,448.44
as1-37d9a17aa127ea4b#0,1918-1930|M|role,1918-1930,M,role,1439,25,57.56
as1-fe59a9a726911e5f#18,1948-1963|F|role,1948-1963,F,role,6926,25,277.04
as1-2ee93d730aba252f#1,1918-1930|N|role,1918-1930,N,role,25598,25,1023.92
as1-80e21f7204afe922#3,1918-1930|N|norole,1918-1930,N,norole,155693,25,6227.72
as1-900d8f9624f40ea7#32,1900-1915|M|norole,1900-1915,M,norole,12323,25,492.92
as1-e87d37f84c9a4b56#0,1918-1930|M|role,1918-1930,M,role,1439,25,57.56
as1-8a6d7417e61aaf64#6,1918-1930|F|role,1918-1930,F,role,4328,25,173.12
as1-5b2deed6f28044fd#2,1933-1945|N|norole,1933-1945,N,norole,175732,25,7029.28
as1-94d2e815e544549a#1,1900-1915|M|norole,1900-1915,M,norole,12323,25,492.92
as1-3c8af83aca0e233a#8,1948-1963|F|norole,1948-1963,F,norole,49313,25,1972.52
as1-6a3cabcde159d51c#21,1900-1915|F|norole,1900-1915,F,norole,27280,25,1091.2
as1-7db98ce543fb98b2#0,1900-1915|M|norole,1900-1915,M,norole,12323,25,492.92
as1-5cea60244a69463a#0,1948-1963|M|norole,1948-1963,M,norole,11211,25,448.44
as1-0e3c95c13eba3adb#4,1900-1915|F|norole,1900-1915,F,norole,27280,25,1091.2
as1-4c22e9f7c7393d7b#44,1900-1915|F|role,1900-1915,F,role,3076,25,123.04
as1-b7baccb7c416177c#37,1918-1930|N|role,1918-1930,N,role,25598,25,1023.92
as1-66e94893bbfe072e#8,1900-1915|M|norole,1900-1915,M,norole,12323,25,492.92
as1-3a6f17c29e5ff406#1,1948-1963|F|norole,1948-1963,F,norole,49313,25,1972.52
as1-7fa3c425b3c4ffb0#0,1933-1945|N|role,1933-1945,N,role,29947,25,1197.88
as1-1afb7aa6ed3689a1#1,1900-1915|N|role,1900-1915,N,role,29026,25,1161.04
as1-b12456ac3b9979cb#1,1933-1945|M|role,1933-1945,M,role,1796,25,71.84
as1-27356f3eeacc31cd#4,1933-1945|N|role,1933-1945,N,role,29947,25,1197.88
as1-afd8763b5c27a637#2,1933-1945|M|role,1933-1945,M,role,1796,25,71.84
as1-1afd5224e57a7636#27,1900-1915|F|role,1900-1915,F,role,3076,25,123.04
as1-791acb799f192214#2,1948-1963|N|role,1948-1963,N,role,34482,25,1379.28
as1-56892b74d0647d4d#29,1900-1915|N|norole,1900-1915,N,norole,190443,25,7617.72
as1-c57142e5d54b586e#1,1948-1963|F|role,1948-1963,F,role,6926,25,277.04
as1-1ea85a30b8bde1ac#4,1900-1915|N|role,1900-1915,N,role,29026,25,1161.04
as1-83db0b6851c02da0#6,1918-1930|M|role,1918-1930,M,role,1439,25,57.56
as1-66d8c30d8ac1cf29#5,1933-1945|M|norole,1933-1945,M,norole,6736,25,269.44
as1-2560fb1d70a3fb6d#1,1948-1963|F|norole,1948-1963,F,norole,49313,25,1972.52
as1-75ccb4d3331a435d#1,1900-1915|N|norole,1900-1915,N,norole,190443,25,7617.72
as1-2f4df6b2050932f8#3,1933-1945|M|norole,1933-1945,M,norole,6736,25,269.44
as1-99c780b558f1bb37#0,1918-1930|M|role,1918-1930,M,role,1439,25,57.56
as1-8a3276cb2f03c24d#9,1933-1945|M|role,1933-1945,M,role,1796,25,71.84
as1-9f0d783961ec3532#25,1933-1945|N|role,1933-1945,N,role,29947,25,1197.88
as1-bb7ca7f41bf01cc3#5,1900-1915|N|norole,1900-1915,N,norole,190443,25,7617.72
as1-63a3bb8f692c4a1f#9,1933-1945|M|norole,1933-1945,M,norole,6736,25,269.44
as1-060fcdb7c878ae3d#19,1948-1963|N|role,1948-1963,N,role,34482,25,1379.28
as1-c495dd3d5512ed0b#0,1933-1945|M|norole,1933-1945,M,norole,6736,25,269.44
as1-1fec7332a682838d#0,1918-1930|M|norole,1918-1930,M,norole,7060,25,282.4
as1-6c380a3891b0ade0#2,1933-1945|F|role,1933-1945,F,role,5572,25,222.88
as1-b572ca0780deb45e#11,1933-1945|F|role,1933-1945,F,role,5572,25,222.88
as1-67492ca3e1dc388d#1,1918-1930|F|role,1918-1930,F,role,4328,25,173.12
as1-0fb1cc4a86e131ef#5,1948-1963|M|norole,1948-1963,M,norole,11211,25,448.44
as1-09b691e5ec3643a1#9,1948-1963|F|role,1948-1963,F,role,6926,25,277.04
as1-c6efa33bc600fd92#20,1933-1945|M|norole,1933-1945,M,norole,6736,25,269.44
as1-19825183afd0d4db#1,1918-1930|M|role,1918-1930,M,role,1439,25,57.56
as1-dd388312ccdc6458#8,1933-1945|F|norole,1933-1945,F,norole,36949,25,1477.96
as1-8dbf815db4d17a4c#4,1948-1963|F|role,1948-1963,F,role,6926,25,277.04
as1-0752c860d7926d78#42,1900-1915|F|role,1900-1915,F,role,3076,25,123.04
as1-c025c761f0b723ec#2,1948-1963|F|role,1948-1963,F,role,6926,25,277.04
as1-cc969953c0acd680#1,1948-1963|N|role,1948-1963,N,role,34482,25,1379.28
as1-e7621342670e1c6f#1,1948-1963|M|norole,1948-1963,M,norole,11211,25,448.44
as1-c20738264a3a5632#0,1933-1945|F|norole,1933-1945,F,norole,36949,25,1477.96
as1-1d37ad12e28d6490#2,1918-1930|F|role,1918-1930,F,role,4328,25,173.12
as1-67ad2208402ddffe#1,1900-1915|F|role,1900-1915,F,role,3076,25,123.04
as1-b4cfbc186cff8998#2,1933-1945|N|role,1933-1945,N,role,29947,25,1197.88
as1-d17de3e3381f1524#0,1948-1963|N|role,1948-1963,N,role,34482,25,1379.28
as1-41a79a14392df424#1,1918-1930|M|role,1918-1930,M,role,1439,25,57.56
as1-a60110b2d05bc122#6,1948-1963|F|role,1948-1963,F,role,6926,25,277.04
as1-6ba026caf440dc6c#0,1900-1915|M|role,1900-1915,M,role,2033,25,81.32
as1-e78411553261e839#19,1900-1915|N|role,1900-1915,N,role,29026,25,1161.04
as1-aa3169df741ebe20#5,1948-1963|F|norole,1948-1963,F,norole,49313,25,1972.52
as1-b313f2dc24ae052a#9,1948-1963|M|norole,1948-1963,M,norole,11211,25,448.44
as1-7f76e629eab77f95#34,1933-1945|F|norole,1933-1945,F,norole,36949,25,1477.96
as1-90a369f864937b7e#13,1933-1945|N|norole,1933-1945,N,norole,175732,25,7029.28
as1-ec1f46a354fb081e#1,1933-1945|M|norole,1933-1945,M,norole,6736,25,269.44
as1-174af5b1e3380b35#0,1900-1915|F|norole,1900-1915,F,norole,27280,25,1091.2
as1-b2a493312ddb23da#1,1918-1930|N|role,1918-1930,N,role,25598,25,1023.92
as1-11e4afabdd4f5a02#9,1900-1915|F|role,1900-1915,F,role,3076,25,123.04
as1-38eba18207851def#37,1918-1930|M|role,1918-1930,M,role,1439,25,57.56
as1-b4e3b32170776458#13,1900-1915|F|norole,1900-1915,F,norole,27280,25,1091.2
as1-2e1d6b11ad43dc4c#4,1900-1915|N|role,1900-1915,N,role,29026,25,1161.04
as1-cdf7d56b8322ea01#2,1948-1963|N|norole,1948-1963,N,norole,209811,25,8392.44
as1-14c754df7321c177#3,1948-1963|F|norole,1948-1963,F,norole,49313,25,1972.52
as1-4bc2caefa0fcc3fd#15,1933-1945|F|role,1933-1945,F,role,5572,25,222.88
as1-b0e3b066e47a2984#41,1918-1930|M|role,1918-1930,M,role,1439,25,57.56
as1-f01b91ac26d95257#5,1933-1945|N|role,1933-1945,N,role,29947,25,1197.88
as1-666b7ad8b7720f9f#7,1948-1963|F|norole,1948-1963,F,norole,49313,25,1972.52
as1-67d6d23a278ddbd5#0,1933-1945|N|norole,1933-1945,N,norole,175732,25,7029.28
as1-854f2ea09b879b5d#4,1918-1930|M|norole,1918-1930,M,norole,7060,25,282.4
as1-aa0a92271b1a4f77#1,1933-1945|M|role,1933-1945,M,role,1796,25,71.84
as1-474e7d31b5bd44ab#3,1933-1945|M|role,1933-1945,M,role,1796,25,71.84
as1-7731210c2700f588#2,1918-1930|F|norole,1918-1930,F,norole,32471,25,1298.84
as1-d892d4ecb662be40#1,1918-1930|M|role,1918-1930,M,role,1439,25,57.56
as1-67c2f3a5317beb98#0,1948-1963|N|role,1948-1963,N,role,34482,25,1379.28
as1-d60621d8a0acaf91#2,1918-1930|N|role,1918-1930,N,role,25598,25,1023.92
as1-3673e72290963914#0,1900-1915|M|norole,1900-1915,M,norole,12323,25,492.92
as1-4f10a2f624800318#3,1918-1930|M|role,1918-1930,M,role,1439,25,57.56
as1-b8d1fac65feb818e#3,1948-1963|F|norole,1948-1963,F,norole,49313,25,1972.52
as1-5a6f4d126f095bb2#1,1918-1930|M|role,1918-1930,M,role,1439,25,57.56
as1-309a5aba877f409f#8,1918-1930|F|role,1918-1930,F,role,4328,25,173.12
as1-459cea9c49578dc0#63,1918-1930|M|role,1918-1930,M,role,1439,25,57.56
as1-87069807050b04c9#7,1900-1915|N|norole,1900-1915,N,norole,190443,25,7617.72
as1-78e6590520817ea5#18,1948-1963|M|norole,1948-1963,M,norole,11211,25,448.44
as1-e630409c56d1d41b#2,1933-1945|F|norole,1933-1945,F,norole,36949,25,1477.96
as1-e58c5040545beeba#4,1900-1915|F|norole,1900-1915,F,norole,27280,25,1091.2
as1-1383301293aec3f1#2,1948-1963|M|norole,1948-1963,M,norole,11211,25,448.44
as1-2c25900fdca4d200#1,1948-1963|N|role,1948-1963,N,role,34482,25,1379.28
as1-0c869b961e395c76#0,1933-1945|M|role,1933-1945,M,role,1796,25,71.84
as1-2f6b2cb02092a890#4,1918-1930|F|norole,1918-1930,F,norole,32471,25,1298.84
as1-95974909f116e30d#10,1948-1963|N|role,1948-1963,N,role,34482,25,1379.28
as1-38b9a7bb27107526#2,1918-1930|M|norole,1918-1930,M,norole,7060,25,282.4
as1-3e291bedfaf65d39#25,1948-1963|F|norole,1948-1963,F,norole,49313,25,1972.52
as1-d465d52444c9865d#7,1933-1945|F|role,1933-1945,F,role,5572,25,222.88
as1-e9de610dfb487449#2,1933-1945|M|role,1933-1945,M,role,1796,25,71.84
as1-7130fb4a700fc645#13,1948-1963|F|role,1948-1963,F,role,6926,25,277.04
as1-b2376c6589b2758d#6,1918-1930|N|role,1918-1930,N,role,25598,25,1023.92
as1-2150c216ac0d8212#0,1918-1930|M|role,1918-1930,M,role,1439,25,57.56
as1-5074b56d2ae0975b#2,1918-1930|N|role,1918-1930,N,role,25598,25,1023.92
as1-20a564cf207eeee5#3,1948-1963|F|norole,1948-1963,F,norole,49313,25,1972.52
as1-0e2314b68a14f189#1,1900-1915|N|role,1900-1915,N,role,29026,25,1161.04
as1-676dcf45ecd9dcfd#11,1933-1945|N|norole,1933-1945,N,norole,175732,25,7029.28
as1-afc4c27c6bdd1ea0#23,1900-1915|M|role,1900-1915,M,role,2033,25,81.32
as1-fde814c85a9be4f8#0,1900-1915|N|role,1900-1915,N,role,29026,25,1161.04
as1-37db5e52eb882caa#3,1948-1963|M|role,1948-1963,M,role,3094,25,123.76
as1-94fc9b06d3298d62#2,1933-1945|F|role,1933-1945,F,role,5572,25,222.88
as1-d15f835c3f0844a8#52,1933-1945|N|norole,1933-1945,N,norole,175732,25,7029.28
as1-19d3288ca38cc64c#19,1933-1945|M|norole,1933-1945,M,norole,6736,25,269.44
as1-3c26e2c3a0481ec9#25,1918-1930|F|norole,1918-1930,F,norole,32471,25,1298.84
as1-6847b80e1836c051#6,1933-1945|F|norole,1933-1945,F,norole,36949,25,1477.96
as1-60556a430e8520cc#1,1918-1930|M|role,1918-1930,M,role,1439,25,57.56
as1-b4f88ca9f9ff8cf4#10,1948-1963|M|role,1948-1963,M,role,3094,25,123.76
as1-c0af7c2ebdcc1064#2,1900-1915|N|norole,1900-1915,N,norole,190443,25,7617.72
as1-8720ed9bd102a587#0,1918-1930|N|role,1918-1930,N,role,25598,25,1023.92
as1-413ca940fb825d54#0,1918-1930|N|norole,1918-1930,N,norole,155693,25,6227.72
as1-150791db74cb707d#21,1918-1930|M|norole,1918-1930,M,norole,7060,25,282.4
as1-48fbd64f9137b38b#7,1933-1945|N|norole,1933-1945,N,norole,175732,25,7029.28
as1-0ee8ce022fa57122#1,1900-1915|N|role,1900-1915,N,role,29026,25,1161.04
as1-fccea176a91d45b0#0,1948-1963|M|role,1948-1963,M,role,3094,25,123.76
as1-7f3fa882e02f04e4#2,1933-1945|M|role,1933-1945,M,role,1796,25,71.84
as1-4a64371ca1811256#1,1918-1930|F|role,1918-1930,F,role,4328,25,173.12
as1-28d658de64930f05#9,1918-1930|F|role,1918-1930,F,role,4328,25,173.12
as1-53ed8ac9c5f483f3#14,1918-1930|M|role,1918-1930,M,role,1439,25,57.56
as1-c5461e9b051e877a#1,1948-1963|F|role,1948-1963,F,role,6926,25,277.04
as1-5412c86046120aba#3,1948-1963|M|norole,1948-1963,M,norole,11211,25,448.44
as1-eb104930b6c4edb6#5,1900-1915|N|norole,1900-1915,N,norole,190443,25,7617.72
as1-8b2311b3b2032818#3,1933-1945|F|norole,1933-1945,F,norole,36949,25,1477.96
as1-f89a841a66b08ecf#8,1900-1915|M|role,1900-1915,M,role,2033,25,81.32
as1-50f6047f9f775d08#58,1948-1963|M|norole,1948-1963,M,norole,11211,25,448.44
as1-44bfedbd6bd6a64f#6,1918-1930|F|role,1918-1930,F,role,4328,25,173.12
as1-f11dbec7f5da557f#3,1900-1915|N|role,1900-1915,N,role,29026,25,1161.04
as1-b01d7afa36e29493#0,1933-1945|N|norole,1933-1945,N,norole,175732,25,7029.28
as1-33c9e5dd06be45e8#23,1900-1915|N|norole,1900-1915,N,norole,190443,25,7617.72
as1-cb51ab13632cc645#7,1900-1915|N|norole,1900-1915,N,norole,190443,25,7617.72
as1-98e0af5d5f288969#0,1948-1963|N|role,1948-1963,N,role,34482,25,1379.28
as1-210cd1b8b58ce4c5#23,1948-1963|N|role,1948-1963,N,role,34482,25,1379.28
as1-90e1d3c9b7e3cffc#37,1933-1945|N|norole,1933-1945,N,norole,175732,25,7029.28
as1-1ec4ffbe67785c77#0,1900-1915|N|role,1900-1915,N,role,29026,25,1161.04
as1-db839b07c1a21230#2,1948-1963|N|norole,1948-1963,N,norole,209811,25,8392.44
as1-72a2bd28323ad55f#31,1948-1963|F|norole,1948-1963,F,norole,49313,25,1972.52
as1-33602c5b3e8da757#9,1918-1930|F|role,1918-1930,F,role,4328,25,173.12
as1-7e99eba2c4e80f41#2,1948-1963|N|norole,1948-1963,N,norole,209811,25,8392.44
as1-e0d3a1e45bbd53c2#1,1900-1915|F|role,1900-1915,F,role,3076,25,123.04
as1-c98b4ad0dbf99dd5#12,1948-1963|M|role,1948-1963,M,role,3094,25,123.76
as1-66587e3fc9507674#9,1900-1915|F|role,1900-1915,F,role,3076,25,123.04
as1-92533bd4d9678c8a#0,1948-1963|M|norole,1948-1963,M,norole,11211,25,448.44
as1-c0cf741cfed86bf1#1,1948-1963|M|norole,1948-1963,M,norole,11211,25,448.44
as1-7a04527d61e8e6f0#0,1918-1930|N|norole,1918-1930,N,norole,155693,25,6227.72
as1-f7f3f2542f47ad65#8,1933-1945|F|norole,1933-1945,F,norole,36949,25,1477.96
as1-506b35b570fc2209#85,1918-1930|N|norole,1918-1930,N,norole,155693,25,6227.72
as1-09cf4b4927442ac8#0,1900-1915|F|norole,1900-1915,F,norole,27280,25,1091.2
as1-c2003c5933521170#1,1900-1915|N|role,1900-1915,N,role,29026,25,1161.04
as1-1d66fa99e50a180c#3,1948-1963|N|role,1948-1963,N,role,34482,25,1379.28
as1-f08a04835400d527#16,1918-1930|M|norole,1918-1930,M,norole,7060,25,282.4
as1-262ab20a020f59ba#20,1918-1930|F|norole,1918-1930,F,norole,32471,25,1298.84
as1-d115a843cfe2f284#2,1918-1930|F|norole,1918-1930,F,norole,32471,25,1298.84
as1-b09897a683efc792#8,1900-1915|M|role,1900-1915,M,role,2033,25,81.32
as1-bfad59f7d308827a#12,1933-1945|M|role,1933-1945,M,role,1796,25,71.84
as1-439dc602135ae292#7,1948-1963|F|norole,1948-1963,F,norole,49313,25,1972.52
as1-6dae9c0b79c88d3b#10,1933-1945|N|role,1933-1945,N,role,29947,25,1197.88
as1-195c2bfbbb394d88#29,1918-1930|F|role,1918-1930,F,role,4328,25,173.12
as1-8f7b6fbaf8331eaf#0,1900-1915|M|role,1900-1915,M,role,2033,25,81.32
as1-daba12938942c63f#1,1918-1930|N|norole,1918-1930,N,norole,155693,25,6227.72
as1-21a375be5e998e31#1,1933-1945|M|role,1933-1945,M,role,1796,25,71.84
as1-a9ba91610f884963#1,1948-1963|M|norole,1948-1963,M,norole,11211,25,448.44
as1-7bffeff7887e8c22#23,1918-1930|N|norole,1918-1930,N,norole,155693,25,6227.72
as1-c0d6d1bb7f0b5775#15,1948-1963|F|role,1948-1963,F,role,6926,25,277.04
as1-85475111e005438a#60,1900-1915|F|norole,1900-1915,F,norole,27280,25,1091.2
as1-2dd47a92af8d1f12#2,1948-1963|M|norole,1948-1963,M,norole,11211,25,448.44
as1-3d44019b1d2f43cf#0,1900-1915|N|role,1900-1915,N,role,29026,25,1161.04
as1-89282346cad8e37d#19,1918-1930|F|role,1918-1930,F,role,4328,25,173.12
as1-eeeed6bc68483a2a#2,1900-1915|N|norole,1900-1915,N,norole,190443,25,7617.72
as1-1bf23da72abd105c#0,1948-1963|M|role,1948-1963,M,role,3094,25,123.76
as1-dd388312ccdc6458#6,1933-1945|F|role,1933-1945,F,role,5572,25,222.88
as1-98470ccbd9e57b07#22,1933-1945|F|norole,1933-1945,F,norole,36949,25,1477.96
as1-0214989700d26ca6#0,1948-1963|F|role,1948-1963,F,role,6926,25,277.04
as1-db28d1491f82de8f#15,1900-1915|M|role,1900-1915,M,role,2033,25,81.32
as1-59f8e16d414f4dcc#1,1933-1945|M|role,1933-1945,M,role,1796,25,71.84
as1-d0c74b06f44b26d6#2,1918-1930|N|role,1918-1930,N,role,25598,25,1023.92
as1-7ec654cceb27b90f#2,1948-1963|M|norole,1948-1963,M,norole,11211,25,448.44
as1-c82f08b7b6644813#3,1918-1930|N|norole,1918-1930,N,norole,155693,25,6227.72
as1-445db4c3730d2e31#0,1933-1945|N|role,1933-1945,N,role,29947,25,1197.88
as1-344efd66358b939e#2,1918-1930|F|role,1918-1930,F,role,4328,25,173.12
as1-2e1f77541f978873#5,1900-1915|N|role,1900-1915,N,role,29026,25,1161.04
as1-76b58cd7dc973cf3#41,1933-1945|M|norole,1933-1945,M,norole,6736,25,269.44
as1-5b522ce81f5fda16#2,1918-1930|N|norole,1918-1930,N,norole,155693,25,6227.72
as1-4e44fd88718b1083#2,1900-1915|F|norole,1900-1915,F,norole,27280,25,1091.2
as1-041d6fde50d38ecc#0,1948-1963|M|norole,1948-1963,M,norole,11211,25,448.44
as1-28f66975a896160f#0,1948-1963|M|role,1948-1963,M,role,3094,25,123.76
as1-63d495a90595480d#3,1900-1915|N|norole,1900-1915,N,norole,190443,25,7617.72
as1-95ad1ede56426ba8#14,1900-1915|F|role,1900-1915,F,role,3076,25,123.04
as1-67fd28db84e83c34#4,1918-1930|N|role,1918-1930,N,role,25598,25,1023.92
as1-25c2e62bff8a21cb#1,1918-1930|F|role,1918-1930,F,role,4328,25,173.12
as1-45645b96d3ce0aad#15,1933-1945|M|norole,1933-1945,M,norole,6736,25,269.44
as1-7e8312c2ea41df62#39,1948-1963|N|norole,1948-1963,N,norole,209811,25,8392.44
as1-10d9e9558e423dd9#47,1918-1930|F|norole,1918-1930,F,norole,32471,25,1298.84
as1-b8b55561245b40bb#6,1948-1963|M|norole,1948-1963,M,norole,11211,25,448.44
as1-addf8540b7b57df7#2,1918-1930|M|role,1918-1930,M,role,1439,25,57.56
as1-0df8a33776717476#0,1948-1963|M|role,1948-1963,M,role,3094,25,123.76
as1-0ce46742ed16d150#18,1900-1915|N|norole,1900-1915,N,norole,190443,25,7617.72
as1-5d255b659592fb9d#0,1900-1915|F|norole,1900-1915,F,norole,27280,25,1091.2
as1-59fd5744d04715ee#3,1948-1963|N|role,1948-1963,N,role,34482,25,1379.28
as1-453e7ea3ba107afc#9,1900-1915|N|role,1900-1915,N,role,29026,25,1161.04
as1-3adb3a04ace113a5#10,1918-1930|F|norole,1918-1930,F,norole,32471,25,1298.84
as1-6b23ba7438d431d6#3,1933-1945|F|norole,1933-1945,F,norole,36949,25,1477.96
as1-82d63c6fc0e80458#6,1933-1945|M|role,1933-1945,M,role,1796,25,71.84
as1-f8db49f2a5c4b637#12,1918-1930|N|norole,1918-1930,N,norole,155693,25,6227.72
as1-445efccbc666b555#15,1948-1963|N|norole,1948-1963,N,norole,209811,25,8392.44
as1-147d35b08bad4402#15,1900-1915|F|norole,1900-1915,F,norole,27280,25,1091.2
as1-76233ed1d929e641#26,1948-1963|N|role,1948-1963,N,role,34482,25,1379.28
as1-efd545f7139616eb#26,1900-1915|M|role,1900-1915,M,role,2033,25,81.32
as1-2a993f5df95505a5#1,1918-1930|F|norole,1918-1930,F,norole,32471,25,1298.84
as1-2f76e2f7e308ad1a#5,1918-1930|N|role,1918-1930,N,role,25598,25,1023.92
as1-5d9926187cf1ef51#2,1900-1915|N|role,1900-1915,N,role,29026,25,1161.04
as1-424bae979fcd4141#1,1933-1945|M|norole,1933-1945,M,norole,6736,25,269.44
as1-d80fc73c39d0592c#1,1900-1915|M|role,1900-1915,M,role,2033,25,81.32
as1-2c6c7ecb2ce8c251#0,1918-1930|M|role,1918-1930,M,role,1439,25,57.56
as1-d114f08bd1fc196e#0,1948-1963|M|role,1948-1963,M,role,3094,25,123.76
as1-56488246e5ca3645#8,1918-1930|M|norole,1918-1930,M,norole,7060,25,282.4
as1-308aca0572492e2e#3,1948-1963|M|norole,1948-1963,M,norole,11211,25,448.44
as1-e5cd7da56e8893e3#17,1918-1930|F|role,1918-1930,F,role,4328,25,173.12
as1-8edd175fd9edf63b#1,1918-1930|F|role,1918-1930,F,role,4328,25,173.12
as1-fd028bad2313b83b#4,1933-1945|N|norole,1933-1945,N,norole,175732,25,7029.28
as1-9a44d0ed95f94602#1,1900-1915|F|role,1900-1915,F,role,3076,25,123.04
as1-1dd4bb9badf39b64#1,1918-1930|M|norole,1918-1930,M,norole,7060,25,282.4
as1-e4a58e1d78744db9#0,1900-1915|M|role,1900-1915,M,role,2033,25,81.32
as1-ed8658888e7de603#1,1948-1963|N|norole,1948-1963,N,norole,209811,25,8392.44
as1-15d4551c86b3d98c#12,1918-1930|F|norole,1918-1930,F,norole,32471,25,1298.84
as1-55f30123d4e9fceb#1,1948-1963|F|norole,1948-1963,F,norole,49313,25,1972.52
as1-aa9acfb66afc609e#2,1933-1945|N|role,1933-1945,N,role,29947,25,1197.88
as1-01923cb0cf5965c0#4,1918-1930|F|norole,1918-1930,F,norole,32471,25,1298.84
as1-cf356b96e44f9f5f#7,1948-1963|M|role,1948-1963,M,role,3094,25,123.76
as1-31b6157add95632c#11,1900-1915|M|role,1900-1915,M,role,2033,25,81.32
as1-71c8f4decb4f4a5f#4,1918-1930|N|norole,1918-1930,N,norole,155693,25,6227.72
as1-36dcd5bf0f436065#7,1900-1915|N|norole,1900-1915,N,norole,190443,25,7617.72
as1-88d285e5064b54c6#2,1933-1945|N|role,1933-1945,N,role,29947,25,1197.88
as1-28928e03d1061493#6,1900-1915|M|role,1900-1915,M,role,2033,25,81.32
as1-c5fa8bff1e7ac110#7,1918-1930|F|role,1918-1930,F,role,4328,25,173.12
as1-121639b28fea0fef#3,1933-1945|N|role,1933-1945,N,role,29947,25,1197.88
as1-b610118985089782#2,1948-1963|M|role,1948-1963,M,role,3094,25,123.76
as1-e0b32268775ef88d#3,1948-1963|N|norole,1948-1963,N,norole,209811,25,8392.44
as1-5b8cf6080436ce88#4,1933-1945|M|role,1933-1945,M,role,1796,25,71.84
as1-e911d09d32e134bd#18,1918-1930|N|norole,1918-1930,N,norole,155693,25,6227.72
as1-01f742e8b98f3192#11,1933-1945|F|role,1933-1945,F,role,5572,25,222.88
as1-f93f6854be166bf6#5,1918-1930|F|norole,1918-1930,F,norole,32471,25,1298.84
as1-44567adba5ba7eb5#0,1900-1915|M|role,1900-1915,M,role,2033,25,81.32
as1-28fca8aa230f18ea#12,1933-1945|N|norole,1933-1945,N,norole,175732,25,7029.28
as1-7194b5e8cb97721c#0,1900-1915|N|role,1900-1915,N,role,29026,25,1161.04
as1-5817c6ddfc379c11#2,1900-1915|M|role,1900-1915,M,role,2033,25,81.32
as1-16b4f2c22307b41c#0,1900-1915|M|role,1900-1915,M,role,2033,25,81.32
as1-1383c8922ddf6abe#1,1948-1963|M|role,1948-1963,M,role,3094,25,123.76
as1-0dd25b0357532601#5,1948-1963|N|norole,1948-1963,N,norole,209811,25,8392.44
as1-393e6e91cc4d30ad#7,1918-1930|F|role,1918-1930,F,role,4328,25,173.12
as1-2bf84fcaaddae135#9,1900-1915|M|role,1900-1915,M,role,2033,25,81.32
as1-cbdb110a4a70de64#2,1918-1930|M|norole,1918-1930,M,norole,7060,25,282.4
as1-5e78e7b7d5a2a204#3,1900-1915|N|role,1900-1915,N,role,29026,25,1161.04
as1-a95dc70c018d416e#6,1918-1930|N|role,1918-1930,N,role,25598,25,1023.92
as1-5c928e1aca5251f1#0,1900-1915|F|norole,1900-1915,F,norole,27280,25,1091.2
as1-0d9eeaf0373012ff#0,1948-1963|M|norole,1948-1963,M,norole,11211,25,448.44
as1-4b243f90fbd30f47#13,1933-1945|F|norole,1933-1945,F,norole,36949,25,1477.96
as1-407ba375c36b8b6f#0,1918-1930|N|norole,1918-1930,N,norole,155693,25,6227.72
as1-59aadff1b914f46d#5,1918-1930|F|norole,1918-1930,F,norole,32471,25,1298.84
as1-7d987bd093f8c728#2,1933-1945|N|role,1933-1945,N,role,29947,25,1197.88
as1-8741705ce945bf31#8,1900-1915|F|norole,1900-1915,F,norole,27280,25,1091.2
as1-57bd22ae5860410b#3,1900-1915|N|role,1900-1915,N,role,29026,25,1161.04
as1-c4aef4156f1cb0af#32,1900-1915|M|norole,1900-1915,M,norole,12323,25,492.92
as1-0ff1a68fa4dd35d1#29,1933-1945|N|role,1933-1945,N,role,29947,25,1197.88
as1-8c421fa0d93131f1#0,1933-1945|M|norole,1933-1945,M,norole,6736,25,269.44
as1-7a602f1b78ea439f#23,1918-1930|M|norole,1918-1930,M,norole,7060,25,282.4
as1-b8fb1154f352375a#3,1900-1915|N|norole,1900-1915,N,norole,190443,25,7617.72
as1-693896e6580cc651#4,1918-1930|F|norole,1918-1930,F,norole,32471,25,1298.84
as1-87999dadcc7b9036#52,1918-1930|M|norole,1918-1930,M,norole,7060,25,282.4
as1-999febe804795dc4#2,1900-1915|M|norole,1900-1915,M,norole,12323,25,492.92
as1-4006bf1e2cbce669#1,1918-1930|N|role,1918-1930,N,role,25598,25,1023.92
as1-706fc07321b8692b#24,1900-1915|F|role,1900-1915,F,role,3076,25,123.04
as1-6ef73c2d923360e6#1,1918-1930|N|norole,1918-1930,N,norole,155693,25,6227.72
as1-380ce1bf207321e0#0,1900-1915|M|norole,1900-1915,M,norole,12323,25,492.92
as1-20582e220f89202b#1,1933-1945|N|role,1933-1945,N,role,29947,25,1197.88
as1-82ff30e7a5d8aa11#0,1918-1930|F|role,1918-1930,F,role,4328,25,173.12
as1-f6489df40870b507#8,1948-1963|F|role,1948-1963,F,role,6926,25,277.04
as1-d72426a558b08976#0,1918-1930|N|role,1918-1930,N,role,25598,25,1023.92
as1-c258bb966040510c#7,1918-1930|F|norole,1918-1930,F,norole,32471,25,1298.84
as1-ab8becd66f703e12#0,1900-1915|M|role,1900-1915,M,role,2033,25,81.32
as1-905e837010f4fab6#8,1948-1963|N|norole,1948-1963,N,norole,209811,25,8392.44
as1-7cf2d5a996b12c32#24,1948-1963|F|role,1948-1963,F,role,6926,25,277.04
as1-43a4ca660acb4d85#1,1900-1915|M|norole,1900-1915,M,norole,12323,25,492.92
as1-77d6d0e907125040#2,1933-1945|N|role,1933-1945,N,role,29947,25,1197.88
as1-5495ffec2b508285#0,1948-1963|N|role,1948-1963,N,role,34482,25,1379.28
as1-6db1845fd345a410#0,1933-1945|F|role,1933-1945,F,role,5572,25,222.88
as1-9f828c448b30a4c2#22,1900-1915|M|role,1900-1915,M,role,2033,25,81.32
as1-b469a66e5b2e9e99#11,1900-1915|F|role,1900-1915,F,role,3076,25,123.04
as1-6ce889f5cb16bf99#9,1900-1915|F|norole,1900-1915,F,norole,27280,25,1091.2
as1-aca2f3ca695dcdd7#32,1900-1915|N|norole,1900-1915,N,norole,190443,25,7617.72
as1-2d59823d3dd5bd78#1,1918-1930|F|role,1918-1930,F,role,4328,25,173.12
as1-2350409e32ecfb95#3,1900-1915|F|role,1900-1915,F,role,3076,25,123.04
as1-f13977c0ab281063#5,1948-1963|N|norole,1948-1963,N,norole,209811,25,8392.44
as1-b0cc2f61fdedff73#26,1933-1945|F|role,1933-1945,F,role,5572,25,222.88
as1-fc975ac8a6afc98e#9,1900-1915|M|norole,1900-1915,M,norole,12323,25,492.92
as1-6d842879a59e8797#0,1933-1945|F|role,1933-1945,F,role,5572,25,222.88
as1-f412a60a22054066#1,1918-1930|M|role,1918-1930,M,role,1439,25,57.56
as1-faeb08074f860465#1,1948-1963|M|role,1948-1963,M,role,3094,25,123.76
as1-08f1dbec3893e152#0,1948-1963|F|role,1948-1963,F,role,6926,25,277.04
as1-b7741d129e5788e9#0,1933-1945|F|role,1933-1945,F,role,5572,25,222.88
as1-74a059af5eab0b8d#0,1933-1945|N|norole,1933-1945,N,norole,175732,25,7029.28
as1-5c3322b5ff79cbe4#2,1918-1930|N|norole,1918-1930,N,norole,155693,25,6227.72
as1-0b096eff97a88375#1,1948-1963|F|role,1948-1963,F,role,6926,25,277.04
as1-1917e395606b7998#10,1918-1930|F|norole,1918-1930,F,norole,32471,25,1298.84
as1-f6d5ea03a298909a#3,1900-1915|F|role,1900-1915,F,role,3076,25,123.04
as1-7895f37186bb9223#23,1948-1963|F|norole,1948-1963,F,norole,49313,25,1972.52
as1-dc25288efbf4e73d#2,1933-1945|M|role,1933-1945,M,role,1796,25,71.84
as1-cef325f368fee2cd#1,1900-1915|F|role,1900-1915,F,role,3076,25,123.04
as1-b94ceda2be03d1a2#4,1900-1915|N|norole,1900-1915,N,norole,190443,25,7617.72
as1-ee55b99376abee7b#43,1933-1945|F|norole,1933-1945,F,norole,36949,25,1477.96
as1-09f6dfea6b1b4401#2,1918-1930|N|norole,1918-1930,N,norole,155693,25,6227.72
as1-68661990e4316380#18,1900-1915|F|role,1900-1915,F,role,3076,25,123.04
as1-0853c05efea23885#12,1918-1930|N|role,1918-1930,N,role,25598,25,1023.92
as1-e386edbdd8b1b778#0,1900-1915|F|role,1900-1915,F,role,3076,25,123.04
as1-e32de81a2cb2d96d#3,1900-1915|F|norole,1900-1915,F,norole,27280,25,1091.2
as1-c8552383c315cd51#3,1933-1945|F|norole,1933-1945,F,norole,36949,25,1477.96
as1-801d0c3492d88817#0,1948-1963|N|role,1948-1963,N,role,34482,25,1379.28
as1-47577f45137e30c7#1,1948-1963|M|role,1948-1963,M,role,3094,25,123.76
as1-e873f9a444d74388#3,1900-1915|F|norole,1900-1915,F,norole,27280,25,1091.2
as1-c49f3a7630383f21#1,1933-1945|M|role,1933-1945,M,role,1796,25,71.84
as1-5788d4683c832966#3,1900-1915|M|norole,1900-1915,M,norole,12323,25,492.92
as1-6c0e66065a280fc0#1,1948-1963|M|norole,1948-1963,M,norole,11211,25,448.44
as1-6ddbb5aedca527d8#4,1900-1915|M|norole,1900-1915,M,norole,12323,25,492.92
as1-687b17071e2604de#0,1900-1915|M|norole,1900-1915,M,norole,12323,25,492.92
as1-45645b96d3ce0aad#19,1933-1945|M|norole,1933-1945,M,norole,6736,25,269.44
as1-478a2536032bae2c#0,1918-1930|M|norole,1918-1930,M,norole,7060,25,282.4
as1-e37ba7ec5bf579c8#12,1948-1963|F|norole,1948-1963,F,norole,49313,25,1972.52
as1-d897782f4aaa57a3#0,1900-1915|M|role,1900-1915,M,role,2033,25,81.32
as1-20608f282c77279f#1,1948-1963|M|role,1948-1963,M,role,3094,25,123.76
as1-307907d221022bd5#4,1900-1915|F|norole,1900-1915,F,norole,27280,25,1091.2
as1-37f90be2996035d4#0,1933-1945|N|role,1933-1945,N,role,29947,25,1197.88
as1-f487e31b248ff00e#13,1933-1945|N|norole,1933-1945,N,norole,175732,25,7029.28
as1-9231cc05c0dd34f5#7,1900-1915|M|role,1900-1915,M,role,2033,25,81.32
as1-664c2f88f557014d#1,1933-1945|F|norole,1933-1945,F,norole,36949,25,1477.96
as1-5fa11bc09bb24a3b#2,1900-1915|N|norole,1900-1915,N,norole,190443,25,7617.72
as1-7bc8d3c4db888617#15,1933-1945|F|norole,1933-1945,F,norole,36949,25,1477.96
as1-e68888d7afe42d46#12,1900-1915|F|role,1900-1915,F,role,3076,25,123.04
as1-399282ee9cb336d2#1,1900-1915|N|norole,1900-1915,N,norole,190443,25,7617.72
as1-effc21d238fb16c0#0,1900-1915|N|role,1900-1915,N,role,29026,25,1161.04
as1-2e7951ee6d3a21a8#3,1933-1945|N|norole,1933-1945,N,norole,175732,25,7029.28
as1-35c89a5dca8b485b#24,1918-1930|F|role,1918-1930,F,role,4328,25,173.12
as1-b4e91c20670a96a1#16,1933-1945|N|norole,1933-1945,N,norole,175732,25,7029.28
as1-aa58d00a9ec04519#2,1948-1963|N|role,1948-1963,N,role,34482,25,1379.28
as1-6b211e9b1a3d5ce9#6,1948-1963|N|role,1948-1963,N,role,34482,25,1379.28
as1-66f295c680f9d3c3#5,1933-1945|M|norole,1933-1945,M,norole,6736,25,269.44
as1-ea184f1e310ad628#9,1948-1963|N|role,1948-1963,N,role,34482,25,1379.28
as1-aebe045f450d25ef#0,1900-1915|M|role,1900-1915,M,role,2033,25,81.32
as1-b44a1f914e21382b#1,1918-1930|N|norole,1918-1930,N,norole,155693,25,6227.72
as1-b2d7d9636735945a#1,1900-1915|N|role,1900-1915,N,role,29026,25,1161.04
as1-5efeaac2e9284c31#10,1918-1930|F|role,1918-1930,F,role,4328,25,173.12
as1-03a92144e1fbc52f#5,1918-1930|F|norole,1918-1930,F,norole,32471,25,1298.84
as1-e94a91de475d6a37#0,1900-1915|N|norole,1900-1915,N,norole,190443,25,7617.72
as1-30910e59d0b1070f#5,1933-1945|N|norole,1933-1945,N,norole,175732,25,7029.28
as1-d463d82b00c412bc#1,1918-1930|N|role,1918-1930,N,role,25598,25,1023.92
as1-ea41314eb88aba76#110,1900-1915|N|norole,1900-1915,N,norole,190443,25,7617.72
as1-bdc277b3325aabc6#5,1900-1915|N|role,1900-1915,N,role,29026,25,1161.04
as1-7517726aa4dab65a#0,1900-1915|N|role,1900-1915,N,role,29026,25,1161.04
as1-bf83161cc1111ef9#14,1900-1915|F|norole,1900-1915,F,norole,27280,25,1091.2
as1-d892e0c42ec3d406#9,1918-1930|N|role,1918-1930,N,role,25598,25,1023.92
as1-8319d84ecff09b47#1,1933-1945|N|role,1933-1945,N,role,29947,25,1197.88
as1-bd9e238beb30c981#5,1900-1915|F|role,1900-1915,F,role,3076,25,123.04
as1-15cf0802a6e1117b#1,1918-1930|M|norole,1918-1930,M,norole,7060,25,282.4
as1-98470ccbd9e57b07#21,1933-1945|F|norole,1933-1945,F,norole,36949,25,1477.96
as1-97cb2f5bd79b5afa#0,1948-1963|N|norole,1948-1963,N,norole,209811,25,8392.44
as1-820c4815d87a0a15#7,1948-1963|N|norole,1948-1963,N,norole,209811,25,8392.44
as1-3853442972645ad2#15,1900-1915|M|norole,1900-1915,M,norole,12323,25,492.92
as1-895e27de4ede2bdb#0,1948-1963|M|role,1948-1963,M,role,3094,25,123.76
as1-318723a39c89250b#1,1918-1930|N|norole,1918-1930,N,norole,155693,25,6227.72
as1-5875924c7180fe4a#8,1948-1963|F|norole,1948-1963,F,norole,49313,25,1972.52
as1-eb67ef924c0a43f4#21,1933-1945|N|norole,1933-1945,N,norole,175732,25,7029.28
as1-382b16a4cd9e4012#1,1933-1945|F|role,1933-1945,F,role,5572,25,222.88
as1-3d76880291532611#30,1900-1915|M|norole,1900-1915,M,norole,12323,25,492.92
as1-711565de65a87045#2,1918-1930|M|role,1918-1930,M,role,1439,25,57.56
as1-e701dbf94ebe46aa#4,1933-1945|N|role,1933-1945,N,role,29947,25,1197.88
as1-fa69e748dec264b0#2,1900-1915|M|role,1900-1915,M,role,2033,25,81.32
as1-8758f6e057d1b73f#6,1918-1930|M|role,1918-1930,M,role,1439,25,57.56
as1-aaf829937b5abba9#0,1933-1945|N|norole,1933-1945,N,norole,175732,25,7029.28
as1-c611cf980f72f01e#0,1918-1930|M|role,1918-1930,M,role,1439,25,57.56
as1-a0131f4d8cbabc23#2,1948-1963|M|role,1948-1963,M,role,3094,25,123.76
as1-092c3c8f4a3d150c#8,1900-1915|F|norole,1900-1915,F,norole,27280,25,1091.2
as1-5659bba82849ad16#0,1900-1915|F|role,1900-1915,F,role,3076,25,123.04
as1-939611e13dfe89ec#3,1933-1945|M|norole,1933-1945,M,norole,6736,25,269.44
as1-c2f41e9518c855df#1,1933-1945|M|norole,1933-1945,M,norole,6736,25,269.44
as1-57d08ca3de02cc1e#3,1933-1945|F|role,1933-1945,F,role,5572,25,222.88
as1-6c597f1176a4f189#0,1933-1945|M|role,1933-1945,M,role,1796,25,71.84
as1-eb0cde416cfd5a19#1,1948-1963|N|role,1948-1963,N,role,34482,25,1379.28
as1-87d5fff5e99e0e76#0,1948-1963|M|role,1948-1963,M,role,3094,25,123.76
as1-00cd6f43135121ff#6,1933-1945|F|role,1933-1945,F,role,5572,25,222.88
as1-009f6856d9ba227a#1,1918-1930|F|norole,1918-1930,F,norole,32471,25,1298.84
as1-cc51fab6c13e6a50#2,1933-1945|F|role,1933-1945,F,role,5572,25,222.88
as1-4d9ed7006107229d#0,1918-1930|M|norole,1918-1930,M,norole,7060,25,282.4
as1-21ecf2d4a9422a78#0,1900-1915|N|norole,1900-1915,N,norole,190443,25,7617.72
as1-4ffb6cc639caaaeb#18,1933-1945|M|norole,1933-1945,M,norole,6736,25,269.44
as1-9fd1159a8d2cc1fd#9,1948-1963|N|norole,1948-1963,N,norole,209811,25,8392.44
as1-0690f96c383d84e2#77,1933-1945|F|norole,1933-1945,F,norole,36949,25,1477.96
as1-0737db17f286317d#29,1918-1930|F|norole,1918-1930,F,norole,32471,25,1298.84
as1-482e5e693286ec35#26,1948-1963|F|role,1948-1963,F,role,6926,25,277.04
as1-8c5f704e0a4b1152#0,1933-1945|M|norole,1933-1945,M,norole,6736,25,269.44
as1-7ec179488ff29fe7#4,1918-1930|M|norole,1918-1930,M,norole,7060,25,282.4
as1-b9f96d2d01305086#14,1918-1930|N|norole,1918-1930,N,norole,155693,25,6227.72
as1-1259b0d308c3f846#3,1900-1915|F|role,1900-1915,F,role,3076,25,123.04
as1-1c84fa17252f773f#8,1948-1963|F|role,1948-1963,F,role,6926,25,277.04
as1-e7fe8c9c811a1fcb#14,1900-1915|M|role,1900-1915,M,role,2033,25,81.32
as1-b9cac97a54d5e345#3,1933-1945|M|role,1933-1945,M,role,1796,25,71.84
as1-114c34537ebcfa32#18,1933-1945|F|norole,1933-1945,F,norole,36949,25,1477.96
as1-5382e7aa3d95082e#3,1900-1915|N|role,1900-1915,N,role,29026,25,1161.04
as1-4484fc8579e196da#5,1900-1915|F|norole,1900-1915,F,norole,27280,25,1091.2
as1-13232cb78c09b25a#3,1948-1963|M|role,1948-1963,M,role,3094,25,123.76
as1-abf9a38a97c5459a#5,1918-1930|N|role,1918-1930,N,role,25598,25,1023.92
as1-087ca9beac01b324#18,1948-1963|M|role,1948-1963,M,role,3094,25,123.76
as1-0e6ce2d236ba9f54#3,1900-1915|F|norole,1900-1915,F,norole,27280,25,1091.2
as1-aae8dab5d398a6f5#17,1900-1915|N|role,1900-1915,N,role,29026,25,1161.04
as1-e9baa31fabe838c5#0,1900-1915|M|norole,1900-1915,M,norole,12323,25,492.92
as1-b14f0fc86a66c3be#2,1948-1963|N|norole,1948-1963,N,norole,209811,25,8392.44
as1-63b175a916a3751d#4,1948-1963|F|role,1948-1963,F,role,6926,25,277.04
as1-538aa96139b82d6a#2,1948-1963|N|role,1948-1963,N,role,34482,25,1379.28
as1-45cbf1d88506e1dd#2,1918-1930|N|norole,1918-1930,N,norole,155693,25,6227.72
as1-210d8de11e761db2#8,1918-1930|N|norole,1918-1930,N,norole,155693,25,6227.72
as1-e70ab2b5baf04591#35,1933-1945|N|role,1933-1945,N,role,29947,25,1197.88
as1-82e701306ee61ad4#2,1948-1963|M|norole,1948-1963,M,norole,11211,25,448.44
as1-8742f3703c6ff9dd#4,1900-1915|N|norole,1900-1915,N,norole,190443,25,7617.72
as1-ade9936959ddc273#11,1900-1915|M|norole,1900-1915,M,norole,12323,25,492.92
as1-8fc581a3d9d15450#1,1933-1945|F|role,1933-1945,F,role,5572,25,222.88
as1-7287b89e609a736b#26,1948-1963|N|norole,1948-1963,N,norole,209811,25,8392.44
as1-0b6deb507fa46928#0,1933-1945|M|role,1933-1945,M,role,1796,25,71.84
as1-77a059cbc5c6de4f#4,1948-1963|N|norole,1948-1963,N,norole,209811,25,8392.44
as1-980c7e517900e2d9#1,1918-1930|N|norole,1918-1930,N,norole,155693,25,6227.72
as1-a8f7d9e25a767f06#8,1948-1963|N|norole,1948-1963,N,norole,209811,25,8392.44
as1-ae1ae19fbbdcac46#0,1900-1915|M|role,1900-1915,M,role,2033,25,81.32
as1-2fe34480ae7bbfef#1,1918-1930|F|norole,1918-1930,F,norole,32471,25,1298.84
as1-81be793f4271bce3#0,1948-1963|F|role,1948-1963,F,role,6926,25,277.04
as1-05458f81d1a29d68#4,1918-1930|N|norole,1918-1930,N,norole,155693,25,6227.72
as1-77e67a3507aa5f30#5,1918-1930|M|norole,1918-1930,M,norole,7060,25,282.4
as1-b000e77a9c880e0d#33,1948-1963|N|norole,1948-1963,N,norole,209811,25,8392.44
as1-3579c7b9d20709a4#1,1933-1945|M|role,1933-1945,M,role,1796,25,71.84
as1-07874715df6cd5de#0,1948-1963|N|role,1948-1963,N,role,34482,25,1379.28
as1-417edd0fbbc9ef0c#17,1933-1945|M|role,1933-1945,M,role,1796,25,71.84
as1-b93a261b3e5ee77e#3,1948-1963|F|role,1948-1963,F,role,6926,25,277.04
as1-5d8b8bb516c24b36#6,1918-1930|N|role,1918-1930,N,role,25598,25,1023.92
as1-211276189e50856f#15,1933-1945|M|role,1933-1945,M,role,1796,25,71.84
as1-575ddf4f04918efe#50,1918-1930|F|norole,1918-1930,F,norole,32471,25,1298.84
as1-a58553dd100596ed#2,1918-1930|M|norole,1918-1930,M,norole,7060,25,282.4
as1-d3b14e75a405eb63#2,1900-1915|N|role,1900-1915,N,role,29026,25,1161.04
as1-ab70a696c1ad8ce2#0,1933-1945|M|role,1933-1945,M,role,1796,25,71.84
as1-4ad2539d2ce736c9#10,1933-1945|M|norole,1933-1945,M,norole,6736,25,269.44
as1-7f2b78747be62bc3#23,1918-1930|M|norole,1918-1930,M,norole,7060,25,282.4
as1-2c817500c4120866#1,1933-1945|F|role,1933-1945,F,role,5572,25,222.88
as1-1b256d7380b360a0#4,1948-1963|N|norole,1948-1963,N,norole,209811,25,8392.44
as1-22ca42e7e8dc47b8#29,1918-1930|F|role,1918-1930,F,role,4328,25,173.12
as1-cfa71c839587414d#5,1948-1963|N|role,1948-1963,N,role,34482,25,1379.28
as1-4808cef2df6c1568#2,1900-1915|F|norole,1900-1915,F,norole,27280,25,1091.2
as1-0eea35305392ebb0#0,1933-1945|F|role,1933-1945,F,role,5572,25,222.88
as1-b9f95b02678f0246#7,1948-1963|F|norole,1948-1963,F,norole,49313,25,1972.52
as1-8128e794ab514858#1,1948-1963|N|norole,1948-1963,N,norole,209811,25,8392.44
as1-f45ab3070e569a6a#5,1900-1915|M|norole,1900-1915,M,norole,12323,25,492.92
as1-0150b18907f492ee#0,1900-1915|M|role,1900-1915,M,role,2033,25,81.32
as1-d6d453f67812af95#0,1900-1915|F|role,1900-1915,F,role,3076,25,123.04
as1-f5e143205dcc9696#1,1933-1945|N|norole,1933-1945,N,norole,175732,25,7029.28
as1-b80ec1e2abf84434#5,1918-1930|F|norole,1918-1930,F,norole,32471,25,1298.84
as1-580150d355e78c6a#11,1948-1963|N|role,1948-1963,N,role,34482,25,1379.28
as1-9a3734e7440667ca#5,1918-1930|M|norole,1918-1930,M,norole,7060,25,282.4
as1-9c9f62c9c1b2d193#0,1918-1930|M|role,1918-1930,M,role,1439,25,57.56
as1-a539788cc031bf76#1,1933-1945|N|norole,1933-1945,N,norole,175732,25,7029.28
as1-3ea0578a59e3619b#0,1933-1945|M|norole,1933-1945,M,norole,6736,25,269.44
as1-2d8303a94134f37b#17,1933-1945|F|role,1933-1945,F,role,5572,25,222.88
as1-d8d3b76222cdfa4e#3,1948-1963|N|norole,1948-1963,N,norole,209811,25,8392.44
as1-c53be5a88bfda53d#5,1933-1945|F|norole,1933-1945,F,norole,36949,25,1477.96
as1-f0e4577196da9fd1#3,1918-1930|N|norole,1918-1930,N,norole,155693,25,6227.72
as1-9c129c38a66aae21#0,1948-1963|F|role,1948-1963,F,role,6926,25,277.04
as1-90b4f07926995519#14,1933-1945|N|norole,1933-1945,N,norole,175732,25,7029.28
as1-45e773f6240fc59d#5,1918-1930|N|role,1918-1930,N,role,25598,25,1023.92
as1-5b6d8892d9ff853b#28,1918-1930|M|norole,1918-1930,M,norole,7060,25,282.4
as1-d6510df10717745f#0,1933-1945|N|norole,1933-1945,N,norole,175732,25,7029.28
as1-c4430a198aa8c517#18,1933-1945|M|norole,1933-1945,M,norole,6736,25,269.44
as1-3a5a03994280ffe1#3,1933-1945|N|role,1933-1945,N,role,29947,25,1197.88
as1-1e9e23043dc4bcf4#25,1948-1963|F|norole,1948-1963,F,norole,49313,25,1972.52
as1-76e716110ab06ba2#6,1933-1945|N|role,1933-1945,N,role,29947,25,1197.88
as1-8eb59514b9699511#11,1918-1930|F|role,1918-1930,F,role,4328,25,173.12
as1-4c531dd2ca780434#37,1933-1945|F|norole,1933-1945,F,norole,36949,25,1477.96
as1-87412ceac6600a35#1,1918-1930|F|norole,1918-1930,F,norole,32471,25,1298.84
as1-a01c68c3a615eff1#7,1948-1963|N|norole,1948-1963,N,norole,209811,25,8392.44
as1-8881ba5daeefa490#0,1933-1945|N|role,1933-1945,N,role,29947,25,1197.88
as1-7be3e59dd832b19b#1,1948-1963|F|role,1948-1963,F,role,6926,25,277.04
as1-e84627d8cbf3f745#3,1918-1930|N|norole,1918-1930,N,norole,155693,25,6227.72
as1-f64eba60839e33db#0,1948-1963|M|role,1948-1963,M,role,3094,25,123.76
as1-cc065f8b98969364#27,1948-1963|F|norole,1948-1963,F,norole,49313,25,1972.52
as1-dc5775c86253fd02#3,1933-1945|N|role,1933-1945,N,role,29947,25,1197.88
as1-a95b6368e4f9f75b#12,1948-1963|M|norole,1948-1963,M,norole,11211,25,448.44
as1-9cd2f11e710c6c5d#0,1948-1963|N|norole,1948-1963,N,norole,209811,25,8392.44
as1-15d867cb62e3d597#1,1933-1945|F|role,1933-1945,F,role,5572,25,222.88
as1-0fd1863db4ca302c#0,1918-1930|N|role,1918-1930,N,role,25598,25,1023.92
as1-ed23f4b10cf4c1ff#13,1918-1930|M|role,1918-1930,M,role,1439,25,57.56
as1-b20e0dbaa30467a8#0,1918-1930|M|norole,1918-1930,M,norole,7060,25,282.4
as1-baaf753a1d4c2126#0,1948-1963|M|norole,1948-1963,M,norole,11211,25,448.44
as1-8b86d4309a60bcf5#34,1900-1915|F|role,1900-1915,F,role,3076,25,123.04
as1-02affd9d30e9357c#1,1900-1915|N|norole,1900-1915,N,norole,190443,25,7617.72
as1-d54319713012a9f3#27,1900-1915|M|norole,1900-1915,M,norole,12323,25,492.92
as1-bb815515a1040afa#2,1948-1963|F|norole,1948-1963,F,norole,49313,25,1972.52
as1-1f00172d1851d414#1,1900-1915|M|norole,1900-1915,M,norole,12323,25,492.92
as1-d9cbdbda30ecfdad#4,1933-1945|M|role,1933-1945,M,role,1796,25,71.84
as1-17679208268a1c51#7,1933-1945|F|norole,1933-1945,F,norole,36949,25,1477.96
as1-9c692ff1ce0082d7#0,1933-1945|F|role,1933-1945,F,role,5572,25,222.88
as1-c9d944fe69eeb85a#1,1918-1930|N|role,1918-1930,N,role,25598,25,1023.92
as1-74ee03b3af2ccef4#9,1900-1915|M|role,1900-1915,M,role,2033,25,81.32
as1-bb42789a0bcb94b7#25,1900-1915|F|role,1900-1915,F,role,3076,25,123.04
as1-4b61e0b261b597e6#1,1918-1930|M|norole,1918-1930,M,norole,7060,25,282.4
as1-cdb7b3be8b47b920#6,1933-1945|N|norole,1933-1945,N,norole,175732,25,7029.28
as1-be8ed1e0a87d4450#11,1948-1963|F|role,1948-1963,F,role,6926,25,277.04
as1-8a6d7417e61aaf64#0,1918-1930|F|role,1918-1930,F,role,4328,25,173.12
as1-7fcae9bb3cbcc506#2,1933-1945|M|role,1933-1945,M,role,1796,25,71.84
as1-693c16739f5dc8db#8,1900-1915|N|norole,1900-1915,N,norole,190443,25,7617.72
as1-2529d44f49e45b10#20,1918-1930|F|norole,1918-1930,F,norole,32471,25,1298.84
as1-c7dab9f6b291145c#15,1948-1963|F|norole,1948-1963,F,norole,49313,25,1972.52
as1-fd4faf1459680f94#17,1900-1915|F|norole,1900-1915,F,norole,27280,25,1091.2
as1-d529f5190d9a8bcb#1,1918-1930|M|norole,1918-1930,M,norole,7060,25,282.4
as1-bf942e0827536f1f#2,1918-1930|F|norole,1918-1930,F,norole,32471,25,1298.84
as1-9a4712e9a13342be#12,1948-1963|M|role,1948-1963,M,role,3094,25,123.76
as1-77dc824d7effe159#1,1900-1915|F|role,1900-1915,F,role,3076,25,123.04
as1-129590b18c3a4dce#0,1933-1945|N|norole,1933-1945,N,norole,175732,25,7029.28
as1-f29c9e96f1554c05#14,1933-1945|F|norole,1933-1945,F,norole,36949,25,1477.96
as1-1fa8c4977aad6fec#10,1900-1915|F|role,1900-1915,F,role,3076,25,123.04
as1-3ded2eea8c335066#3,1900-1915|M|norole,1900-1915,M,norole,12323,25,492.92
as1-69f61afd526871b7#11,1948-1963|M|norole,1948-1963,M,norole,11211,25,448.44
as1-7a59fb5bb575fbab#3,1933-1945|F|role,1933-1945,F,role,5572,25,222.88
as1-a95dc70c018d416e#4,1918-1930|M|norole,1918-1930,M,norole,7060,25,282.4
as1-4189312fa2f33952#2,1918-1930|N|role,1918-1930,N,role,25598,25,1023.92
as1-d10e95b1fc8018b9#7,1900-1915|N|norole,1900-1915,N,norole,190443,25,7617.72
as1-c1f72866ad63009c#0,1918-1930|N|role,1918-1930,N,role,25598,25,1023.92
as1-6a554bdb2a6f1c26#1,1948-1963|N|role,1948-1963,N,role,34482,25,1379.28
as1-c5eb8f296676625b#12,1948-1963|F|norole,1948-1963,F,norole,49313,25,1972.52
as1-ddd5776847fd6d02#3,1933-1945|M|norole,1933-1945,M,norole,6736,25,269.44
as1-5cc15301af7f65d4#0,1948-1963|N|role,1948-1963,N,role,34482,25,1379.28
as1-b6400f40cded9327#5,1933-1945|F|norole,1933-1945,F,norole,36949,25,1477.96
as1-922add3ca757fb41#0,1933-1945|N|role,1933-1945,N,role,29947,25,1197.88
as1-b71313cd8e0a21e4#8,1900-1915|F|norole,1900-1915,F,norole,27280,25,1091.2
as1-3e797aed830d6b3f#9,1948-1963|F|norole,1948-1963,F,norole,49313,25,1972.52
as1-b00ae32b1060b5f5#5,1933-1945|M|norole,1933-1945,M,norole,6736,25,269.44
as1-b4bc0267e3927932#0,1948-1963|M|norole,1948-1963,M,norole,11211,25,448.44
as1-c98c4a7f60330deb#0,1900-1915|F|norole,1900-1915,F,norole,27280,25,1091.2
as1-37d647f57d301baf#0,1933-1945|F|role,1933-1945,F,role,5572,25,222.88
as1-4fa860cd274a3723#0,1948-1963|F|role,1948-1963,F,role,6926,25,277.04
as1-99ed8016b7c215f6#7,1948-1963|F|norole,1948-1963,F,norole,49313,25,1972.52
as1-8c7a26cfdc2a286b#0,1933-1945|M|norole,1933-1945,M,norole,6736,25,269.44
as1-6f6e3ee47be9bac1#0,1933-1945|N|role,1933-1945,N,role,29947,25,1197.88
